Keyword,Google Ads Search Volume,Google Ads CPC,Google Ads Competition,Bing Ads Search Volume,Bing Ads CPC,Bing Ads Competition
sushi near me,246000,$0.98,High,2050,$0.05,High
sashimi,33100,$0.43,High,710,$0.05,High
nigiri,22200,$0.18,High,440,$0.05,Medium
maki,22200,$0.07,High,430,$0.05,High
temaki,6600,$1.33,High,80,$0.05,Low
ichiban,8100,$0.55,High,190,$0.05,Medium
japanese food near me,5400,$1.23,High,80,$0.05,Medium
hosomaki,8100,$0.01,High,110,$0.05,Medium
sakura sushi,8100,$3.85,High,140,$0.05,Low
sushi house,5400,$1.2,High,100,$0.05,High
ikura,3600,$1.11,High,90,$0.05,High
tokyo sushi,8100,$1.24,High,100,$0.05,High
maki sushi,12100,$0.2,High,210,$0.05,Medium
gunkan,1000,$0.01,High,30,$0.05,Low
nigiri sushi,9900,$0.59,High,200,$0.05,Medium
ichiban sushi,6600,$1.74,High,100,$0.05,Medium
kyoto sushi,12100,$1.37,High,120,$0.05,Medium
osaka sushi,14800,$1.32,High,310,$0.05,Medium
best sushi near me,6600,$0.59,High,60,$0.05,Medium
umi sushi,3600,$0.98,High,100,$0.05,High
samurai sushi,12100,$3.75,High,170,$0.05,Low
i love sushi,2900,$1.4,High,30,$0.05,Low
wasabi sushi,4400,$1.5,High,110,$0.05,Medium
ninja sushi,720,$1.31,High,20,$0.05,Low
fuji sushi,1900,$2.3,High,30,$0.05,Medium
sushi go,5400,$0.32,High,170,$0.05,High
sushi bar,2900,$0.73,High,80,$0.05,Low
sushi burrito,6600,$1.49,High,60,$0.05,Low
inari sushi,3600,$0.01,High,120,$0.05,Low
koi sushi,4400,$1.84,High,80,$0.05,Low
hana sushi,6600,$1.94,High,180,$0.05,Low
sakana,1300,$2.43,High,40,$0.05,Low
sushi time,2900,$2.03,High,40,$0.05,High
maguro,1600,$0.01,High,50,$0.05,Low
zen sushi,3600,$0.92,High,60,$0.05,Low
sushi restaurant,12100,$0.39,High,280,$0.05,High
ginza sushi,8100,$0.95,High,110,$0.05,Low
nori sushi,4400,$1.04,High,50,$0.05,Medium
sushi factory,480,$1.86,High,20,$0.05,Low
sushi ya,4400,$0.98,High,100,$0.05,Medium
sushi delivery near me,2900,$4.17,High,30,$0.05,High
sushi garden,14800,$1.21,High,240,$0.05,Medium
sushi box,14800,$2.35,High,70,$0.05,Medium
sushi one,3600,$1.15,High,70,$0.05,Medium
japanese steakhouse near me,70,$0.37,High,20,$0.05,Low
toro sushi,4400,$1.64,High,70,$0.05,Low
sakana sushi,880,$0.01,High,20,$0.05,Medium
umami sushi,2900,$1.49,High,190,$0.05,Low
uni sushi,5400,$2.19,High,50,$0.05,Low
sushi delivery,2400,$3.0,High,60,$0.05,High
tomo sushi,6600,$2.07,High,180,$0.05,Low
running sushi,1600,$1.74,High,0,$0.05,Low
types of sushi,4400,$0.14,High,0,$0.05,Low
kibo sushi,40500,$1.17,High,600,$0.05,Medium
volcano sushi,1900,$1.91,High,50,$0.05,Low
sapporo sushi,4400,$3.31,High,100,$0.05,Low
sashimi sushi,2400,$0.11,High,80,$0.05,Medium
maru sushi,2900,$1.19,High,90,$0.05,Low
sushiya,720,$1.01,High,40,$0.05,Low
temaki sushi,4400,$2.47,High,80,$0.05,Low
shogun sushi,12100,$2.42,High,80,$0.05,Medium
sushi buffet,3600,$0.25,High,40,$0.05,Medium
edo sushi,1000,$0.37,High,80,$0.05,Low
sushi cafe,1000,$0.01,High,30,$0.05,Low
pickled ginger,1900,$0.21,Medium,70,$0.05,Medium
fusion sushi,14800,$1.08,High,200,$0.05,Medium
kai sushi,2900,$1.33,High,30,$0.05,Medium
sushi zen,720,$1.78,High,10,$0.05,Low
arigato sushi,4400,$4.73,High,90,$0.05,Low
hokkaido sushi,1300,$2.38,High,,,
vegan sushi,3600,$0.38,High,60,$0.05,Medium
sushi party,1000,$0.04,High,160,$0.05,Medium
love sushi,880,$1.31,High,30,$0.05,Low
sushi restaurant near me,8100,$0.67,High,60,$0.05,Low
tekka maki,880,$0.01,High,30,$0.05,Low
yummy sushi,1300,$1.97,High,30,$0.05,Medium
sushi hiro,590,$3.14,High,20,$0.05,Low
sushi wok,720,$1.82,High,10,$0.05,Low
sushi rolls,2900,$0.19,Medium,120,$0.05,Low
nagoya sushi,1900,$1.39,High,20,$0.05,Low
kabuki sushi,1600,$1.23,High,30,$0.05,Low
yume sushi,1000,$1.75,High,30,$0.05,Low
sushi thai,140,$0.01,High,0,$0.05,Low
conveyor belt sushi,1600,$0.52,High,50,$0.05,High
sushi lovers,2400,$0.74,High,30,$0.05,Low
okinawa sushi,2900,$2.39,High,50,$0.05,Low
tempura sushi,880,$0.1,High,20,$0.05,Low
sushi buffet near me,1000,$0.27,High,30,$0.05,Low
japanese cuisine,1300,$0.51,High,90,$0.05,High
asahi sushi,1300,$1.92,High,20,$0.05,Low
sushi at home,260,$0.01,High,0,$0.05,Low
kami sushi,3600,$1.74,High,70,$0.05,Low
salmon sashimi,2900,$0.11,High,120,$0.05,Low
baked sushi,8100,$8.34,High,30,$0.05,Low
sushi sama,22200,$0.85,High,300,$0.05,Low
bonsai sushi,480,$3.23,High,20,$0.05,Low
hiro sushi,4400,$2.31,High,60,$0.05,Low
hikari sushi,1600,$0.45,High,40,$0.05,Low
sushi plus,8100,$1.11,High,120,$0.05,Low
salmon sushi,3600,$0.11,High,100,$0.05,Low
sushi x,8100,$0.16,High,40,$0.05,Medium
midori sushi,2400,$1.3,High,40,$0.05,Low
sushi san,40,$0.01,High,0,$0.05,Low
sushi to go,2400,$3.23,High,170,$0.05,High
miyako sushi,1600,$1.32,High,20,$0.05,Medium
sushi city,30,$0.01,High,0,$0.05,Low
sushi maker,720,$0.17,Low,30,$0.05,High
sushi food,390,$0.23,High,50,$0.05,Low
sushi ninja,480,$0.66,High,10,$0.05,Low
geisha sushi,210,$2.5,High,10,$0.05,Low
sushi place near me,8100,$0.74,High,20,$0.05,Low
sushi point,70,$0.01,High,0,$0.05,Low
aburi sushi,5400,$0.73,High,100,$0.05,Low
sushi town,8100,$1.37,High,110,$0.05,Low
maguro sushi,1900,$1.42,High,70,$0.05,Low
ocean sushi,480,$1.57,High,20,$0.05,Low
makizushi,2400,$0.01,High,20,$0.05,Low
sushi jiro,1300,$1.33,High,20,$0.05,Medium
moon sushi,2900,$1.62,High,50,$0.05,Low
nara sushi,1900,$2.18,High,50,$0.05,Low
yamato sushi,3600,$2.72,High,50,$0.05,Low
hanami sushi,1900,$2.38,High,60,$0.05,Low
ayce sushi,5400,$0.36,High,70,$0.05,Low
crazy sushi,50,$0.01,High,10,$0.05,Low
salmon nigiri,1600,$0.01,High,60,$0.05,Low
sushi panda,210,$0.01,High,0,$0.05,Low
unagi sushi,1300,$1.35,High,60,$0.05,Medium
best sushi,1900,$0.41,High,120,$0.05,Medium
sushi taku,1900,$4.44,High,40,$0.05,Low
umai sushi,2400,$0.93,High,50,$0.05,Low
gunkan sushi,590,$0.01,High,30,$0.05,Low
sushi boat,1600,$0.45,High,70,$0.05,High
panda sushi,1000,$9.53,High,30,$0.05,Low
yuki sushi,1900,$0.97,High,40,$0.05,Medium
nikko sushi,8100,$2.1,High,70,$0.05,Medium
o sushi,2900,$1.6,High,40,$0.05,Low
ikura sushi,1900,$2.75,High,70,$0.05,Low
sushi set,390,$0.3,Low,70,$0.05,High
mika sushi,5400,$1.96,High,90,$0.05,Low
sushi katsu,880,$1.75,High,30,$0.05,Low
sushi lab,480,$0.01,High,30,$0.05,Low
mikado sushi,2400,$1.66,High,110,$0.05,Low
matsu sushi,1600,$2.21,High,50,$0.05,Low
my sushi,880,$1.72,High,20,$0.05,Medium
sushi corner,20,$0.01,High,0,$0.05,Low
sushi platter,2400,$0.4,Low,60,$0.05,Low
fancy sushi,720,$0.01,High,30,$0.05,Low
sushi chef,2900,$0.94,High,70,$0.05,Medium
raw sushi,170,$0.01,High,10,$0.05,Low
mio sushi,590,$1.71,High,20,$0.05,Low
sushi tokyo,260,$4.04,High,10,$0.05,Low
takumi sushi,3600,$1.25,High,70,$0.05,Medium
wasabi restaurant,320,$0.66,High,100,$0.05,Low
sushi nori,1300,$0.6,High,30,$0.05,Medium
naruto sushi,2400,$1.29,High,40,$0.05,Low
sushido,720,$2.29,High,30,$0.05,Medium
spicy tuna,320,$0.04,High,10,$0.05,Medium
ginger sushi,1300,$1.08,High,30,$0.05,Medium
hosomaki sushi,1300,$6.94,High,20,$0.05,Low
one sushi,480,$0.01,High,10,$0.05,Low
sushi park,5400,$1.86,High,60,$0.05,Low
sea urchin sushi,1000,$0.15,High,20,$0.05,Low
wasabi near me,40,$0.01,High,0,$0.05,Low
sushi place,3600,$0.72,High,90,$0.05,Medium
take sushi,5400,$2.74,High,60,$0.05,Low
kyo sushi,1300,$2.23,High,30,$0.05,Low
sushi mura,12100,$1.28,High,130,$0.05,Low
vegetarian sushi,1600,$0.62,High,60,$0.05,Low
minami sushi,3600,$0.8,High,70,$0.05,Low
daruma sushi,260,$5.48,High,20,$0.05,Low
wakame sushi,4400,$0.77,High,80,$0.05,Medium
sushi sakura,2400,$1.64,High,50,$0.05,Low
sakura restaurant,260,$0.23,High,60,$0.05,Low
sushi gourmet,30,$0.01,High,0,$0.05,Low
hashi sushi,720,$2.98,High,,,
raku sushi,480,$6.03,High,10,$0.05,Low
monster sushi,50,$0.01,High,10,$0.05,Low
sushi nara,3600,$1.93,High,40,$0.05,Low
top sushi,720,$1.09,High,20,$0.05,High
sushi open near me,1000,$0.53,High,20,$0.05,Medium
hachi sushi,1300,$2.79,High,,,
sushi bar near me,210,$0.35,High,20,$0.05,Low
tuna sushi,1300,$0.17,High,70,$0.05,Low
banzai sushi,2400,$1.64,High,50,$0.05,Low
sakura japanese restaurant,140,$0.01,High,20,$0.05,Low
sushi koi,40,$0.01,High,20,$0.05,Low
rainbow sushi,1600,$2.12,High,40,$0.05,Low
takara sushi,2400,$2.71,High,20,$0.05,Low
m sushi,480,$0.01,High,0,$0.05,Low
ichi sushi,2900,$2.8,High,30,$0.05,Low
miyagi sushi,1600,$0.68,High,20,$0.05,Low
niko niko sushi,40,$0.01,High,10,$0.05,Low
japanese buffet,480,$0.2,High,10,$0.05,Low
tuna sashimi,1300,$0.18,High,40,$0.05,Low
bluefin sushi,1900,$0.01,High,20,$0.05,Low
sushi on,3600,$2.98,High,8860,$0.08,High
ryo sushi,390,$2.05,High,0,$0.05,Low
sushi co,1900,$1.51,High,20,$0.05,Low
sushi umi,3600,$2.19,High,60,$0.05,Low
sushi maru,1300,$1.56,High,20,$0.05,Low
sake nigiri,140,$0.01,High,0,$0.05,Low
salmon maki,1600,$0.11,High,40,$0.05,Low
sushi iwa,590,$0.01,High,20,$0.05,Low
hanabi sushi,880,$1.64,High,20,$0.05,Low
ahi sushi,140,$0.01,High,0,$0.05,Low
sushi avenue,1000,$2.66,High,30,$0.05,Low
saki sushi,720,$1.14,High,20,$0.05,Low
wasabi house,6600,$4.41,High,90,$0.05,Low
kampai sushi,590,$2.27,High,0,$0.05,Low
sushi samurai,880,$2.12,High,30,$0.05,Low
poke sushi,1600,$2.92,High,20,$0.05,Low
sushi kyo,30,$0.01,High,0,$0.05,Low
maki rolls,5400,$0.13,High,30,$0.05,Low
fried sushi,390,$1.76,High,10,$0.05,Low
azuma sushi,1300,$1.92,High,70,$0.05,Medium
sushi monster,320,$0.94,High,30,$0.05,Low
sushi bistro,880,$2.09,High,30,$0.05,Low
sugoi sushi,590,$1.8,High,20,$0.05,Low
inari nigiri,720,$0.01,High,30,$0.05,Low
shiro sushi,1300,$0.9,High,30,$0.05,Low
i sushi,260,$0.01,High,8860,$0.08,High
hotate,880,$0.01,High,30,$0.05,Low
sushi nine,110,$0.01,High,10,$0.05,Low
sora sushi,390,$0.01,High,20,$0.05,Low
best japanese restaurant near me,390,$0.93,High,20,$0.05,Low
kanpai sushi,320,$4.08,High,0,$0.05,Low
sakura japanese steakhouse,10,$0.01,High,10,$0.05,Low
izakaya sushi,210,$0.01,High,0,$0.05,Low
cafe sushi,30,$0.01,High,0,$0.05,Low
sumo restaurant,50,$0.01,High,20,$0.05,Low
monkey sushi,12100,$0.64,High,130,$0.05,Low
en sushi,1000,$2.23,High,8860,$0.08,High
niji sushi,3600,$1.83,High,80,$0.05,Low
the sushi bar,320,$0.01,High,80,$0.05,Low
red sushi,90,$0.01,High,0,$0.05,Low
koto sushi,1300,$1.2,High,10,$0.05,Low
sushi me,480,$1.56,High,10,$0.05,Medium
tom sushi,4400,$1.78,High,60,$0.05,Low
good sushi near me,390,$0.7,High,10,$0.05,Medium
sushi sumo,140,$1.11,High,0,$0.05,Low
sushi story,2400,$1.72,High,50,$0.05,Low
taki sushi,880,$0.83,High,30,$0.05,Low
fin sushi,20,$0.01,High,0,$0.05,Low
inarizushi,390,$0.15,High,30,$0.05,Low
types of sushi rolls,1300,$0.15,High,0,$0.05,Low
sushi edo,90,$0.3,High,0,$0.05,Low
tatami sushi,2400,$1.65,High,50,$0.05,Low
sushiland,320,$0.01,High,10,$0.05,Low
cooked sushi,390,$0.24,High,10,$0.05,Low
sushi lin,10,$0.01,High,0,$0.05,Low
sushi plaza,170,$0.01,High,10,$0.05,Low
body sushi,390,$0.01,High,10,$0.05,Low
sushi home,90,$0.53,High,0,$0.05,Low
osaka japanese restaurant,140,$0.76,High,100,$0.05,Low
nigiri sake,30,$0.01,High,0,$0.05,Low
chicken sushi,480,$0.01,High,20,$0.05,Low
handroll,1900,$0.01,High,10,$0.05,Low
mi sushi,70,$0.01,High,0,$0.05,Low
sushi kai,170,$0.01,High,20,$0.05,Medium
good sushi,2400,$1.33,High,50,$0.05,Low
sushi fish,590,$0.05,High,30,$0.05,High
miko sushi,1300,$1.05,High,60,$0.05,Low
sushi ginger,720,$0.27,Medium,30,$0.05,High
nigirizushi,320,$0.01,High,20,$0.05,Low
cheap sushi near me,720,$1.07,High,0,$0.05,Medium
sushi nearby,2400,$0.84,High,20,$0.05,Medium
katsu sushi,1600,$2.76,High,40,$0.05,Low
wave sushi,20,$0.01,High,0,$0.05,Low
sushi way,20,$0.01,High,30,$0.05,Low
kenji sushi,480,$1.88,High,20,$0.05,Low
sushi around me,1300,$0.46,High,30,$0.05,Medium
j sushi,480,$0.01,High,10,$0.05,Low
niwa sushi,480,$0.01,High,20,$0.05,Low
sushi now,260,$1.24,High,10,$0.05,Low
taiyo sushi,2900,$1.52,High,40,$0.05,Low
sushi fresh,590,$0.01,High,40,$0.05,Medium
sushi fusion,390,$0.69,High,10,$0.05,Low
atami sushi,2400,$2.02,High,50,$0.05,Medium
magic sushi,5400,$1.53,High,80,$0.05,Low
asuka sushi,260,$1.0,High,10,$0.05,Low
toshi sushi,4400,$1.34,High,70,$0.05,Low
kimono sushi,3600,$2.66,High,40,$0.05,Low
amaebi,880,$0.13,High,20,$0.05,Low
san sushi,30,$0.01,High,0,$0.05,Low
green leaf sushi,6600,$0.63,High,80,$0.05,Low
kona sushi,5400,$0.91,High,70,$0.05,Low
hon sushi,2400,$2.31,High,50,$0.05,Low
japanese buffet near me,210,$0.24,High,10,$0.05,Low
buffet sushi,720,$0.2,High,0,$0.05,Low
tataki sushi,390,$0.01,High,30,$0.05,Low
wok sushi,20,$0.01,High,0,$0.05,Low
maki san,70,$0.01,High,0,$0.05,Low
ikon sushi,5400,$2.58,High,60,$0.05,Low
kiro sushi,1900,$1.17,High,30,$0.05,Medium
chiba sushi,1900,$2.34,High,30,$0.05,Low
maguro nigiri,110,$0.01,High,10,$0.05,Low
sushi o,320,$7.12,High,0,$0.05,Low
different types of sushi,590,$0.12,High,0,$0.05,Low
misaki sushi,90,$0.21,High,0,$0.05,Low
asa sushi,3600,$1.12,High,70,$0.05,Low
sushi delight,1300,$1.99,High,30,$0.05,Low
fatty tuna,320,$0.01,High,40,$0.05,Low
sushi hon,2900,$2.87,High,70,$0.05,Low
ozen sushi,1900,$0.86,High,30,$0.05,Medium
sushiking,2900,$1.38,High,10,$0.05,Low
hokkigai,1600,$0.01,High,40,$0.05,Low
thai sushi,1300,$1.56,High,20,$0.05,Low
oyshi sushi,390,$0.01,High,40,$0.05,Low
philadelphia sushi,90,$0.01,High,0,$0.05,Low
super sushi,590,$1.16,High,30,$0.05,Low
japan sushi,2900,$0.98,High,60,$0.05,Medium
tao sushi,90,$0.01,High,0,$0.05,Low
mrsushi,6600,$2.61,High,10,$0.05,Low
dragonfly sushi,390,$0.01,High,10,$0.05,Low
sushi wasabi,880,$2.45,High,30,$0.05,Low
conveyor belt sushi near me,260,$0.64,High,0,$0.05,Low
sushi bae,1600,$3.33,High,50,$0.05,Low
kens sushi,5400,$1.73,High,20,$0.05,Low
ichiban near me,40,$0.01,High,0,$0.05,Low
tanuki sushi,140,$0.01,High,20,$0.05,Low
sushimoto,4400,$2.88,High,50,$0.05,Low
shrimp sushi,880,$0.01,High,30,$0.05,Low
omi sushi,50,$0.23,High,0,$0.05,Low
sushi tao,20,$0.01,High,0,$0.05,Low
sushi 8,260,$0.01,High,0,$0.05,Low
aya sushi,70,$0.01,High,0,$0.05,Low
sushi tomo,90,$0.49,High,0,$0.05,Low
toro toro sushi,5400,$1.06,High,40,$0.05,Low
sushi asahi,20,$0.01,High,0,$0.05,Low
sushi hokkaido,30,$0.01,High,,,
w sushi,1900,$1.66,High,40,$0.05,Low
joes sushi,110,$0.01,High,0,$0.05,Low
satori sushi,1300,$0.41,High,20,$0.05,Low
sushi n,2900,$2.7,High,50,$0.05,Low
sushi su,30,$0.01,High,0,$0.05,Low
sushi day,390,$1.28,High,30,$0.05,Medium
sato sushi,590,$2.38,High,10,$0.05,Low
sushi ichi,720,$3.95,High,30,$0.05,Low
sushi raku,1900,$0.74,High,70,$0.05,Low
sushi shack,880,$1.65,High,10,$0.05,Low
sushi 2 go,1900,$1.98,High,40,$0.05,Low
kaka sushi,5400,$0.57,High,80,$0.05,Low
oka sushi,390,$0.73,High,10,$0.05,Low
kumi sushi,2400,$1.7,High,10,$0.05,Low
sushi ro,260,$5.7,High,50,$0.05,Low
mexican sushi,140,$0.12,High,0,$0.05,Low
oshizushi,880,$0.09,High,30,$0.05,Low
sweet sushi,720,$0.01,High,20,$0.05,Low
sawa sushi,480,$3.09,High,20,$0.05,Low
fresh sushi,880,$1.12,High,10,$0.05,Medium
umi japanese,70,$0.01,High,10,$0.05,Low
sushi green,30,$0.01,High,0,$0.05,Low
vip sushi,1900,$0.74,High,10,$0.05,Low
kato sushi,1600,$0.9,High,40,$0.05,Low
yuki hana,30,$0.01,High,0,$0.05,Low
you me sushi,30,$0.01,High,0,$0.05,Low
sushi in,880,$2.03,High,8860,$0.08,High
tuna maki,880,$0.01,High,50,$0.05,Low
sushi saito,170,$0.01,High,20,$0.05,Low
hangiri,110,$0.31,Medium,10,$0.05,Low
gunkan maki,260,$0.01,High,10,$0.05,Low
sushi street,10,$1.31,High,10,$0.05,Low
sushi o sushi,10,$0.01,High,0,$0.05,Low
cucumber sushi,320,$0.01,High,10,$0.05,Low
u sushi,70,$0.01,High,0,$0.05,Low
chirashizushi,140,$0.01,High,20,$0.05,Low
osaki sushi,90,$1.56,High,0,$0.05,Low
tuna nigiri,480,$0.01,High,20,$0.05,Low
gobo sushi,50,$0.01,High,10,$0.05,Low
kyoto japanese restaurant,140,$0.01,High,30,$0.05,Low
best sushi rolls,390,$0.09,High,20,$0.05,Low
sushi kami,320,$1.04,High,20,$0.05,Low
wasabi sushi bar,20,$0.19,High,20,$0.05,Low
sushi you,90,$2.88,High,0,$0.05,Low
kings sushi,590,$8.21,High,0,$0.05,Low
sushi store,210,$0.45,High,10,$0.05,Medium
wako sushi,2900,$1.15,High,50,$0.05,Low
to sushi,30,$0.01,High,8860,$0.08,High
green sushi,70,$0.01,High,0,$0.05,Low
tofu sushi,390,$0.01,High,20,$0.05,Low
sushi near me open now,210,$0.33,High,20,$0.05,Low
aburi salmon,480,$0.01,High,20,$0.05,Low
unagi nigiri,320,$0.01,High,20,$0.05,Low
sushi wave,320,$1.36,High,20,$0.05,Low
sushi near me now,140,$0.19,High,20,$0.05,Medium
matsuri sushi,140,$0.01,High,20,$0.05,Low
sushi osaka,210,$0.78,High,10,$0.05,Low
lotus sushi,170,$1.99,High,0,$0.05,Low
ichiro sushi,1300,$0.33,High,10,$0.05,Low
zen japanese restaurant,1300,$0.62,High,50,$0.05,Low
sushiexpress,1300,$2.57,High,0,$0.05,Low
kaiyo sushi,480,$2.52,High,0,$0.05,Low
ayce sushi near me,720,$0.43,High,20,$0.05,Low
east sushi,1600,$0.55,High,40,$0.05,Low
sakai sushi,590,$2.86,High,10,$0.05,Low
shibuya sushi,170,$0.01,High,0,$0.05,Low
the sushi,30,$0.01,High,8860,$0.08,High
candy sushi,590,$0.24,Medium,30,$0.05,Low
kaito sushi,210,$0.01,High,10,$0.05,Low
takashi sushi,210,$2.68,High,10,$0.05,Low
hasu sushi,720,$1.64,High,10,$0.05,Low
yamato japanese restaurant,210,$0.01,High,30,$0.05,Low
saba sushi,1000,$0.01,High,40,$0.05,Low
sushi downtown,2900,$0.29,High,90,$0.05,Low
irashai,90,$0.78,High,0,$0.05,Low
sushi and thai,880,$4.23,High,0,$0.05,Low
sumo japanese restaurant,20,$0.01,High,0,$0.05,Low
tokyo sushi bar,140,$0.01,High,0,$0.05,Low
sushi en,20,$0.01,High,8860,$0.08,High
hana japanese restaurant,70,$0.48,High,10,$0.05,Low
sushi top,30,$0.18,High,0,$0.05,Low
koto japanese steakhouse,10,$0.01,High,0,$0.05,Low
do sushi,10,$0.01,High,0,$0.05,Low
sushi shop near me,2400,$2.36,High,30,$0.05,Low
nagomi sushi,1300,$2.02,High,40,$0.05,Low
tomo japanese restaurant,170,$0.01,High,30,$0.05,Low
kaze sushi,140,$0.01,High,0,$0.05,Low
tomodachi sushi,50,$2.5,High,0,$0.05,Low
oya sushi,390,$1.18,High,10,$0.05,Low
new sushi,20,$0.36,High,0,$0.05,Low
cooked sushi rolls,110,$0.12,High,10,$0.05,Low
blue sushi happy hour,10,$0.01,High,0,$0.05,Low
sushi take out near me,1600,$1.81,High,20,$0.05,High
sushi and co,480,$1.77,High,20,$0.05,Low
sushi wrap,480,$0.18,Medium,0,$0.05,Low
sushi takumi,110,$0.01,High,10,$0.05,Low
sushi nanaimo,5400,$0.85,High,70,$0.05,Low
inaka sushi,1000,$5.22,High,20,$0.05,Low
saku sushi,1900,$1.32,High,30,$0.05,Low
haku sushi,50,$0.01,High,0,$0.05,Low
sushi koo,1600,$1.97,High,60,$0.05,Low
edomae sushi,320,$0.3,High,0,$0.05,Medium
jun sushi,390,$0.01,High,10,$0.05,Low
sushi nation,10,$0.01,High,0,$0.05,Low
albacore sushi,140,$0.01,High,10,$0.05,Low
hanaya sushi,1600,$2.7,High,30,$0.05,Low
edomae,170,$0.01,High,0,$0.05,Low
sushi sakana,170,$0.01,High,10,$0.05,Low
sushi cuisine,20,$0.01,High,0,$0.05,Medium
sushi kitchen,590,$1.27,High,10,$0.05,Low
sushi hachi,880,$0.01,High,,,
kabuki japanese restaurant,110,$0.01,High,10,$0.05,Medium
park sushi,2400,$0.36,High,30,$0.05,Low
sushinami,6600,$1.12,High,30,$0.05,Low
sushi and more,210,$0.01,High,10,$0.05,Low
kanikama sushi,260,$0.01,High,0,$0.05,Low
tatsu sushi,1000,$2.18,High,20,$0.05,Low
sushi j,90,$0.01,High,0,$0.05,Low
sushi grill,70,$0.01,High,0,$0.05,Low
sushi tengoku,390,$1.97,High,10,$0.05,Low
sushi kuni,720,$1.28,High,20,$0.05,Low
sushi happy hour near me,10,$0.01,High,0,$0.05,Low
sushi jun,1600,$3.72,High,40,$0.05,Low
sushi ramen,140,$1.53,High,0,$0.05,Low
japanese appetizers,390,$0.01,High,30,$0.05,Medium
shogun japanese steakhouse,40,$0.01,High,10,$0.05,Low
ikki sushi,1600,$1.96,High,30,$0.05,Low
sama sushi,2900,$0.94,High,40,$0.05,Medium
costco sushi,480,$0.14,High,40,$0.05,Low
ishi sushi,210,$0.01,High,0,$0.05,Low
sushi niwa,210,$0.01,High,10,$0.05,Low
yo sushi near me,30,$0.01,High,0,$0.05,Medium
yummi sushi,90,$0.01,High,0,$0.05,Low
sushi kyoto,140,$1.19,High,0,$0.05,Low
point sushi,2400,$1.57,High,40,$0.05,Low
shogun japanese restaurant,90,$0.01,High,10,$0.05,Low
saigon sushi,50,$0.01,High,0,$0.05,Low
its sushi,880,$2.25,High,10,$0.05,Low
sango sushi,880,$0.54,High,,,
hay sushi,2400,$1.03,High,50,$0.05,Low
sushi company,20,$0.01,High,0,$0.05,Low
shogun japanese,480,$0.01,High,0,$0.05,Low
sushi van,1000,$1.13,High,20,$0.05,Low
akasaka sushi,1000,$0.81,High,10,$0.05,Low
su shi,260,$0.28,High,20,$0.05,Medium
shrimp tempura sushi,390,$0.01,High,10,$0.05,Low
naka sushi,140,$0.01,High,0,$0.05,Low
sashimi fish,260,$0.2,High,10,$0.05,High
samurai japanese steakhouse,10,$0.01,High,0,$0.05,Low
manna sushi,1600,$1.26,High,40,$0.05,Low
sushi saki,20,$0.01,High,0,$0.05,Low
ichiban japanese restaurant,30,$0.3,High,10,$0.05,Low
sushi for beginners,170,$0.07,High,0,$0.05,Low
kizuna sushi,40,$0.01,High,0,$0.05,Low
sushi line,320,$3.75,High,0,$0.05,Low
ginza japanese restaurant,110,$0.01,High,30,$0.05,Low
nori maki,50,$0.01,High,0,$0.05,Low
kyoto sushi and grill,10,$0.01,High,0,$0.05,Low
sushi to go near me,110,$2.14,High,0,$0.05,Low
garden sushi,880,$1.28,High,10,$0.05,Low
samurai japanese restaurant,140,$1.51,High,10,$0.05,Low
sushi m,1600,$1.29,High,10,$0.05,Low
co sushi,10,$0.01,High,0,$0.05,Low
sushi ginza,1600,$1.59,High,40,$0.05,Low
sushi and wok,40,$0.01,High,10,$0.05,Low
mini sushi,260,$0.13,High,20,$0.05,Low
la sushi,720,$0.92,High,8860,$0.08,High
sushi 1,140,$0.01,High,10,$0.05,Low
kimi sushi,70,$0.01,High,0,$0.05,Low
sushi and sushi,210,$1.08,High,30,$0.05,High
